ACCOUNT TRANSACTION HISTORY

Name:, Phillip, Copeman
Account:, 62421024514, [Encore Portfolio]
Balance:, 439.34, 439.34

Date, Amount, Balance, Description
2017/06/07, -1900.01, 439.34, TELKOM 7151676
2017/05/24, -2000.00, 2339.35, P COPEMAN
2017/05/24, -1829.97, 4339.35, TELKOM 7151676
2017/05/24, -500.00, 6169.32, DIGIDAN
2017/05/24, -98.84, 6669.32, #PAYPAL WITHDRAWAL FE E017ER0940
2017/05/24, 6589.55, 6768.16, PAYPAL WITHDRAWAL E017ER0940
2017/05/12, -100.00, 178.61, #MONTHLY ACCOUNT FEE
2017/04/25, -1839.87, 278.61, TELKOM 7151676
2017/04/20, 2000.00, 2118.48, ABSA BANK P Copeman ABSA
2017/04/20, -500.00, 118.48, DIGIDAN
2017/04/12, -100.00, 618.48, #MONTHLY ACCOUNT FEE
