D5000	01/03/2016	<FITID>1002723511201705241 Cash received from owner 	G505-000	B810-000	T	-5000	False
D5001	16/03/2016	<FITID>1002723511201705242 Payment received - Thank you 	D1AB-GRE	B810-000	T	-2000	False
D5001	16/03/2016	<FITID>1002723511201705243 Payment received - Thank you 	D1MA-CDS	B810-000	T	-1000	False
********	01/03/2016	Cash received from owner <FITID>1002723511201705241	B810-000	B810-000	T	5000	True
********	16/03/2016	Payment received - Thank you <FITID>1002723511201705242	B810-000	B810-000	T	2000	True
********	16/03/2016	Payment received - Thank you <FITID>1002723511201705243	B810-000	B810-000	T	1000	True
